pothole_id,pothole_area_mm2,Bags used ,pothole_area_cm2
1000,584696.8641114982,14.25,584.6968641114983
1002,614599.2647058823,4.0,614.5992647058823
1003,201351.84508586043,1.0,201.35184508586045
1008,103773.8803632947,0.5,103.7738803632947
1009,10927.186761229315,0.25,10.927186761229315
101,93733.74613003097,0.5,93.73374613003097
1016,210585.67603748327,,210.58567603748327
1017,463628.49271940184,3.5,463.62849271940183
1018,67341.75084175084,1.0,67.34175084175084
1019,21310.714285714286,0.5,21.310714285714287
102,133545.524691358,1.0,133.545524691358
1020,235973.597359736,1.5,235.973597359736
1022,132648.401826484,2.0,132.64840182648402
1024,50542.857142857145,0.25,50.542857142857144
1025,147903.2609881121,2.5,147.9032609881121
1026,28918.032786885247,0.5,28.91803278688525
1027,16846.223363774734,0.5,16.846223363774733
1030,74407.179971658,,74.407179971658
1033,13787.888084427535,0.25,13.787888084427536
1035,92374.4292237443,0.5,92.3744292237443
1036,38929.17798913043,0.5,38.92917798913043
1037,57404.898384575295,0.5,57.4048983845753
1041,27219.65160587915,0.25,27.21965160587915
1043,13641.618497109828,0.25,13.641618497109828
1047,49153.976311336715,0.5,49.15397631133671
1048,40260.19690576653,0.5,40.26019690576653
1049,51400.966183574885,0.25,51.40096618357489
1051,240804.9040511727,1.55,240.80490405117268
1052,150721.7444717445,1.05,150.7217444717445
1054,131889.76377952757,3.0,131.88976377952756
1055,34115.05044843049,0.5,34.115050448430495
1058,168561.7283950617,2.0,168.56172839506172
1059,29989.18918918919,0.25,29.98918918918919
106,25759.33644899162,0.5,25.759336448991622
1060,91601.4042668107,1.0,91.6014042668107
1061,31115.06524317912,0.5,31.11506524317912
1062,30977.859778597787,0.5,30.977859778597786
1063,36381.27090301003,0.25,36.381270903010034
1064,17045.084635416668,0.25,17.045084635416668
1065,56444.162793972675,0.5,56.44416279397267
1069,12706.683560342097,0.5,12.706683560342096
107,12102.17420301454,0.5,12.10217420301454
1070,27255.306603773584,0.5,27.255306603773583
1071,132736.508994004,0.5,132.736508994004
1072,110889.98211091236,0.55,110.88998211091236
1073,147421.17117117118,1.0,147.42117117117118
1074,94291.3732394366,1.0,94.2913732394366
1075,47264.54293628809,0.5,47.26454293628809
1076,22738.34745762712,0.25,22.738347457627118
1077,21604.04624277457,0.25,21.60404624277457
1079,22148.541114058353,0.25,22.148541114058354
1080,77177.41935483871,0.5,77.17741935483872
1081,52616.35220125786,0.5,52.61635220125786
1082,27136.41755634638,0.5,27.13641755634638
1083,108567.77493606138,1.0,108.56777493606138
1084,23019.80198019802,1.0,23.019801980198018
1088,20749.547101449276,0.5,20.749547101449277
1089,53564.81481481482,0.5,53.56481481481482
109,148783.0882352941,0.5,148.7830882352941
1090,39697.9517759917,0.5,39.6979517759917
1095,42989.89898989899,0.5,42.98989898989899
1096,46365.60212907518,0.5,46.36560212907518
1097,7820.003781433163,0.25,7.820003781433162
1098,54277.849740932645,0.5,54.277849740932645
1099,92700.18621973928,0.5,92.70018621973928
110,103469.38775510204,2.0,103.46938775510205
1100,33096.06481481482,0.5,33.09606481481482
1101,30937.5,0.25,30.9375
1102,98743.52331606216,1.0,98.74352331606215
1103,52105.882352941175,0.5,52.10588235294117
1104,42996.45390070922,0.5,42.99645390070922
1105,59362.24489795918,0.5,59.36224489795918
1106,49838.23043908881,0.5,49.83823043908881
1107,59846.9387755102,0.5,59.846938775510196
1108,15739.439673865903,0.5,15.739439673865903
1109,23646.755162241887,3.1,23.646755162241888
111,139655.1724137931,0.5,139.6551724137931
1110,19986.28257887517,0.25,19.98628257887517
1111,24854.875283446712,0.25,24.854875283446713
1112,29038.461538461535,0.25,29.038461538461537
1113,37706.92826486818,0.25,37.706928264868175
1114,65929.87804878049,0.5,65.9298780487805
1116,78581.10925771476,0.5,78.58110925771476
1117,99866.66666666666,1.0,99.86666666666666
1118,36573.033707865165,8.0,36.573033707865164
1119,41283.231083844585,0.5,41.28323108384458
112,41685.52036199095,0.5,41.68552036199095
1120,24704.6783625731,0.25,24.7046783625731
1121,9440.970821567837,0.5,9.440970821567836
1122,72452.66990291262,0.5,72.45266990291262
1123,55080.106809078774,0.5,55.08010680907877
1125,41224.489795918365,0.5,41.224489795918366
1126,83734.22159887798,1.0,83.73422159887798
1127,76136.29629629629,3.05,76.1362962962963
1128,89869.56521739131,8.0,89.86956521739131
1129,43475.029726516055,0.5,43.475029726516055
1130,14204.545454545456,0.5,14.204545454545455
1131,72139.68253968253,0.5,72.13968253968252
1133,30037.5,0.25,30.0375
1135,5034.722222222223,0.25,5.034722222222222
1138,41428.57142857143,0.5,41.42857142857143
1139,37047.96411318151,0.5,37.04796411318151
1141,8062.721108490567,0.5,8.062721108490567
1142,48372.84482758621,1.0,48.37284482758621
1155,4737.678223916756,0.25,4.737678223916756
1157,4575.569358178054,0.25,4.575569358178054
116,26322.17444717445,1.0,26.32217444717445
1168,24913.793103448275,0.25,24.913793103448274
1169,13733.198924731185,0.5,13.733198924731186
1176,62590.909090909096,0.5,62.59090909090909
1177,31676.32850241546,0.5,31.676328502415462
1178,4339.6345305608065,0.5,4.339634530560806
1179,12921.470095575918,0.25,12.921470095575918
118,202513.2042253521,2.0,202.5132042253521
1180,71354.69543147208,0.5,71.35469543147208
1185,26219.532011699703,0.5,26.2195320116997
1186,28923.581162670347,0.5,28.92358116267035
1187,41158.91472868217,5.5,41.15891472868217
1188,21786.777843954736,0.25,21.786777843954738
1189,39748.24355971897,0.5,39.74824355971897
119,35503.597122302155,1.0,35.50359712230215
1193,48493.71428571428,0.5,48.49371428571428
1195,18319.76313841599,0.25,18.31976313841599
1196,7392.942109436955,0.5,7.392942109436955
1197,16118.788386376327,0.25,16.118788386376327
120,87337.4613003096,1.0,87.3374613003096
1200,94511.75107580272,1.0,94.51175107580272
1201,88487.47591522158,0.5,88.48747591522158
121,80238.9705882353,0.5,80.2389705882353
1214,25710.15815085158,0.25,25.71015815085158
1218,31737.704918032785,0.25,31.737704918032787
122,281474.9262536873,4.0,281.4749262536873
1221,10191.63763066202,0.25,10.19163763066202
1224,8873.82075471698,0.25,8.87382075471698
1226,60445.859872611465,1.05,60.445859872611464
1228,23610.21454338333,0.25,23.61021454338333
1229,17709.54356846473,0.25,17.70954356846473
123,236113.78205128203,3.0,236.11378205128204
1230,166732.18673218673,1.0,166.73218673218673
1235,5444.278977413751,0.25,5.4442789774137506
1236,122331.0344827586,0.5,122.3310344827586
124,130235.29411764706,1.0,130.23529411764707
1240,20543.478260869564,0.25,20.543478260869563
1243,53257.90792358283,0.5,53.257907923582835
1245,37546.28571428571,0.25,37.54628571428571
1246,12094.861660079052,0.25,12.094861660079053
1247,27519.08396946565,0.5,27.51908396946565
1248,110500.0,1.0,110.5
125,79125.0,1.0,79.125
1251,102109.09090909093,1.0,102.10909090909092
1253,40423.83933229004,0.5,40.42383933229004
1258,619326.9230769231,2.05,619.3269230769231
1259,100963.16425120774,1.0,100.96316425120774
126,28269.84126984127,0.5,28.26984126984127
1260,50472.334682861,0.25,50.472334682861
1263,58697.916666666664,0.25,58.697916666666664
1264,61201.88101487314,0.5,61.201881014873145
1265,148397.79005524862,0.5,148.39779005524863
1267,140717.29957805906,1.0,140.71729957805906
1269,128810.39915966388,2.0,128.8103991596639
127,79053.33333333334,1.0,79.05333333333334
1271,39854.01459854015,0.5,39.85401459854015
1272,118777.17391304349,1.0,118.77717391304348
1274,44381.68449197861,0.25,44.38168449197861
1275,23008.780991735537,0.25,23.008780991735538
1276,29540.422676954044,0.25,29.540422676954044
1277,33773.29192546584,0.25,33.77329192546584
128,189112.7819548872,1.0,189.1127819548872
1282,28642.533936651584,0.25,28.642533936651585
1284,50524.822695035466,1.05,50.52482269503547
1285,44199.09502262443,0.5,44.199095022624434
1286,141212.42995415183,1.0,141.21242995415182
1287,35940.272028385574,0.5,35.94027202838557
1288,16256.0553633218,0.25,16.2560553633218
1291,24490.21103483346,0.5,24.49021103483346
1293,16609.68660968661,0.5,16.609686609686612
1294,26600.105792118484,0.25,26.600105792118484
1295,12812.65664160401,0.25,12.81265664160401
1298,15978.260869565216,0.25,15.978260869565217
1299,12953.947368421052,0.25,12.953947368421051
1302,14247.527399091154,0.25,14.247527399091153
1303,24809.670781893004,0.25,24.809670781893004
1304,22658.267716535433,0.25,22.658267716535434
1305,63515.625,0.5,63.515625
1306,20012.334258402716,0.25,20.012334258402717
1309,23650.714285714286,0.25,23.650714285714287
1310,14964.377055169894,0.25,14.964377055169894
1312,8203.208556149733,0.25,8.203208556149733
1313,5888.771186440678,0.25,5.888771186440678
1314,73750.44563279857,0.5,73.75044563279857
1315,12844.401041666666,0.25,12.844401041666666
1316,49271.862648221344,0.5,49.271862648221344
1318,19868.31812255541,0.25,19.86831812255541
132,329252.07756232686,2.0,329.25207756232686
1320,32863.22188449848,0.25,32.86322188449848
1323,208779.06976744183,1.0,208.77906976744183
1324,17806.282240235814,0.25,17.806282240235813
1325,22074.82993197279,0.5,22.07482993197279
1326,12967.678326474625,0.25,12.967678326474624
1328,72898.24561403508,1.0,72.89824561403509
133,80652.17391304349,1.0,80.65217391304348
1333,7030.3605313092985,0.25,7.030360531309299
1335,26240.85811799122,0.25,26.240858117991223
1336,30068.965517241377,0.25,30.068965517241377
1337,56080.202312138725,0.25,56.080202312138724
134,302340.4255319149,1.0,302.34042553191495
1342,22989.05529953917,0.5,22.98905529953917
1343,38054.78763508419,0.5,38.05478763508419
1344,31035.91879229568,0.5,31.035918792295682
1345,40384.07029478458,0.5,40.38407029478458
1349,115183.46111719606,1.0,115.18346111719606
135,197915.99785981808,3.0,197.91599785981808
1350,17623.076923076922,0.25,17.623076923076923
1352,27976.190476190477,0.25,27.976190476190478
1354,29583.333333333332,0.55,29.583333333333332
1355,172817.67955801106,3.0,172.81767955801106
1356,124236.55913978496,0.55,124.23655913978496
136,278626.8656716418,3.0,278.6268656716418
139,102320.98765432098,1.0,102.32098765432099
1406,26188.769414575865,8.0,26.188769414575866
1407,8181.818181818182,0.25,8.181818181818182
1413,44802.96080066723,0.25,44.80296080066723
1418,22667.91044776119,0.25,22.66791044776119
1420,21202.88248337029,0.25,21.20288248337029
1425,31717.22500659457,0.5,31.71722500659457
1427,134257.75978407558,1.0,134.25775978407557
1431,32813.00593631948,0.5,32.813005936319485
1440,98845.73502722324,1.0,98.84573502722324
1442,44623.87853692201,1.0,44.623878536922014
1443,34343.11534350403,0.25,34.34311534350403
1445,23922.39364188873,0.5,23.922393641888732
1449,45129.398080837454,0.5,45.129398080837454
1450,117769.73684210528,2.0,117.76973684210529
146,85412.31992051663,1.0,85.41231992051664
147,174552.02312138726,1.0,174.55202312138726
148,86476.45720287065,2.0,86.47645720287065
149,95485.82995951416,2.0,95.48582995951416
1501,125872.38285144568,0.5,125.87238285144568
1502,34172.211660329536,0.25,34.17221166032954
1503,15742.821473158552,0.25,15.742821473158552
1506,68467.26190476191,0.25,68.46726190476191
1507,34641.66534244399,0.25,34.641665342443986
1508,38877.752218205715,0.25,38.877752218205714
1509,39721.910112359554,0.5,39.72191011235955
1510,5037.474282355246,0.5,5.037474282355246
1511,46240.38461538462,0.5,46.24038461538462
1512,11235.676088617263,0.25,11.235676088617263
1514,30533.967391304348,0.5,30.533967391304348
1515,59103.83597883598,0.5,59.10383597883598
1517,49863.48302761965,0.5,49.86348302761965
1518,11218.039772727272,0.25,11.218039772727272
152,130333.33333333331,1.5,130.33333333333331
152,130333.33333333331,1.5,130.33333333333331
1521,25160.2732527588,0.25,25.160273252758802
1522,42977.138453634725,0.5,42.97713845363472
1526,25684.210526315783,0.5,25.684210526315784
1527,39457.89473684211,0.5,39.45789473684211
1528,44299.45054945055,0.5,44.29945054945055
1529,38863.63636363636,0.5,38.86363636363636
153,104880.62283737025,1.5,104.88062283737025
153,104880.62283737025,1.5,104.88062283737025
1531,135000.0,6.0,135.0
1532,221691.17647058825,2.5,221.69117647058826
1538,40952.233250620346,0.5,40.952233250620345
1539,116398.92904953143,1.0,116.39892904953143
1540,47699.6996996997,0.5,47.6996996996997
1541,75416.49735879723,0.25,75.41649735879723
1542,58481.473548939815,1.0,58.48147354893982
1543,51162.63028816677,1.0,51.162630288166774
1544,34571.42857142857,0.5,34.57142857142857
1545,70559.21052631579,0.5,70.55921052631578
1546,72864.79672234479,,72.86479672234479
1547,35561.90865155537,0.5,35.56190865155537
1550,38758.85390485765,0.5,38.75885390485765
1551,18330.434782608696,0.25,18.330434782608695
1552,50580.0,0.5,50.58
1553,69643.70007262164,1.0,69.64370007262164
1554,182361.4824717766,1.5,182.3614824717766
1555,14141.958041958042,0.25,14.141958041958041
1556,10351.801627276249,0.25,10.351801627276249
1557,21919.770773638968,0.5,21.919770773638966
1566,55746.2814645309,0.25,55.746281464530895
1567,41401.3986013986,0.25,41.4013986013986
1569,54806.545454545456,1.5,54.80654545454546
1572,232775.24038461535,1.5,232.77524038461536
1573,49033.13049357674,0.5,49.03313049357674
1579,53335.09583608725,0.25,53.33509583608725
158,31049.013515612864,0.5,31.049013515612863
158,31049.013515612864,0.5,31.049013515612863
1580,21595.380667236954,1.0,21.595380667236952
1581,31658.222319283686,0.5,31.658222319283688
1582,28897.22222222222,1.0,28.89722222222222
1583,45998.31479609032,1.0,45.99831479609032
1585,27769.04598490048,0.25,27.76904598490048
1586,67393.67816091955,1.0,67.39367816091955
1587,38892.59920789004,0.25,38.892599207890036
1591,7154.658324371884,0.25,7.154658324371884
1593,87393.16239316239,0.5,87.39316239316238
1594,32645.089285714286,0.5,32.645089285714285
1596,48193.635141192295,1.0,48.193635141192296
1598,233740.97007223943,2.5,233.74097007223943
1599,46456.8647197046,0.25,46.4568647197046
1609,50976.80049992188,0.5,50.976800499921886
161,137918.70789957134,1.5,137.91870789957133
161,137918.70789957134,1.5,137.91870789957133
1610,70278.98550724638,0.25,70.27898550724639
1611,293096.2219598583,2.0,293.0962219598583
1618,67832.07274581457,1.0,67.83207274581457
1620,114069.72955360053,2.0,114.06972955360052
1621,21057.04594511255,1.0,21.05704594511255
1622,77690.58295964125,0.5,77.69058295964125
1624,60521.536066424494,1.5,60.521536066424495
1625,24927.330733782343,0.5,24.92733073378234
1626,26369.126450177464,0.5,26.369126450177465
163,69668.31140350878,1.5,69.66831140350878
163,69668.31140350878,1.5,69.66831140350878
1630,74763.38958180485,1.0,74.76338958180484
1632,709020000.0,0.25,709020.0
1635,17457.667541139996,0.5,17.457667541139994
1638,116792.25352112675,1.0,116.79225352112675
1639,26590.959524232203,0.25,26.590959524232204
1642,85708.59456635319,1.0,85.70859456635318
1643,82472.72727272726,1.0,82.47272727272727
1644,46826.6779949023,0.5,46.8266779949023
1648,112754.76067936182,1.0,112.75476067936182
165,77869.13580246914,1.0,77.86913580246915
165,77869.13580246914,1.0,77.86913580246915
1650,91420.13888888888,1.0,91.42013888888887
1652,28691.707494102702,0.5,28.6917074941027
1653,114035.08771929824,1.5,114.03508771929825
1654,42293.2476716109,0.5,42.2932476716109
1655,72057.17712914835,0.5,72.05717712914834
1657,62342.245989304814,1.0,62.342245989304814
1658,52912.689087971805,1.0,52.912689087971806
1659,111060.546875,1.0,111.060546875
166,239413.63636363635,2.0,239.41363636363636
166,239413.63636363635,2.0,239.41363636363636
1660,41580.188679245286,0.5,41.58018867924529
1661,47395.10354915698,0.5,47.39510354915698
1662,33846.304008328996,0.5,33.846304008329
1663,72460.55995510382,1.0,72.46055995510382
1666,43141.76245210728,1.0,43.14176245210728
1667,62073.28605200946,0.5,62.073286052009465
1668,81407.95206971678,2.5,81.40795206971677
1669,43274.39024390244,,43.27439024390244
167,41722.55639097744,0.5,41.722556390977445
167,41722.55639097744,0.5,41.722556390977445
1671,310639.2914653784,2.5,310.63929146537845
1672,87612.19621291189,0.5,87.6121962129119
1673,73764.65500672688,0.5,73.76465500672688
1674,156891.84977403772,,156.89184977403772
1676,122678.32167832168,0.5,122.67832167832168
1683,92772.92273546956,1.5,92.77292273546956
1684,152655.22875816995,1.0,152.65522875816995
1685,135082.54716981133,1.5,135.08254716981133
170,94821.5811965812,1.0,94.8215811965812
170,94821.5811965812,1.0,94.8215811965812
171,17781.47071042792,0.5,17.781470710427918
171,17781.47071042792,0.5,17.781470710427918
173,20843.75,0.25,20.84375
173,20843.75,0.25,20.84375
174,47400.375939849626,0.5,47.400375939849624
174,47400.375939849626,0.5,47.400375939849624
175,72240.07197018378,0.5,72.24007197018378
175,72240.07197018378,0.5,72.24007197018378
176,66450.05120566055,1.5,66.45005120566056
176,66450.05120566055,1.5,66.45005120566056
177,34481.82974166778,0.5,34.48182974166778
177,34481.82974166778,0.5,34.48182974166778
184,51170.56856187291,1.0,51.17056856187291
184,51170.56856187291,1.0,51.17056856187291
185,41779.6499477534,0.5,41.7796499477534
185,41779.6499477534,0.5,41.7796499477534
188,35679.87567987568,0.5,35.67987567987568
188,35679.87567987568,0.5,35.67987567987568
190,95035.11235955056,0.5,95.03511235955057
190,95035.11235955056,0.5,95.03511235955057
191,118054.65191932335,1.5,118.05465191932335
191,118054.65191932335,1.5,118.05465191932335
1923,152589.88764044942,,152.58988764044943
1925,83704.42708333334,,83.70442708333334
1926,48856.54401490452,,48.856544014904514
1928,69495.3909726637,,69.49539097266371
1930,247310.39136302297,,247.31039136302297
1931,277616.27906976745,,277.6162790697675
1932,42299.937827515765,,42.29993782751576
1934,100178.10532780593,,100.17810532780592
1935,89545.45454545454,,89.54545454545455
1936,132301.52027027027,,132.30152027027026
1938,173012.62626262626,,173.01262626262627
1942,89024.45652173914,,89.02445652173914
1943,169548.87218045112,,169.54887218045113
1948,32181.29139072848,,32.181291390728475
1949,30951.08695652174,,30.95108695652174
1956,112808.93536121672,,112.80893536121671
1957,182991.70616113744,,182.99170616113744
1959,55599.80988593156,,55.599809885931556
1960,33909.42581300813,,33.90942581300813
1961,60592.315161603554,,60.59231516160355
1962,66561.70212765958,,66.56170212765957
1970,95497.38219895288,,95.49738219895288
1972,29196.0569550931,,29.1960569550931
1973,23869.432165929957,,23.869432165929958
1974,83719.54022988505,,83.71954022988506
1975,232925.1700680272,,232.9251700680272
1977,73879.87012987013,,73.87987012987013
198,42921.96007259528,1.0,42.921960072595276
198,42921.96007259528,1.0,42.921960072595276
1980,87500.0,,87.5
1981,57527.62430939227,,57.527624309392266
1989,156780.4775869292,,156.78047758692918
199,66017.61252446183,1.0,66.01761252446182
199,66017.61252446183,1.0,66.01761252446182
1994,241219.13580246913,,241.21913580246914
1995,56761.36363636363,,56.76136363636363
1998,53474.80106100795,,53.47480106100795
1999,67924.62845010616,,67.92462845010616
200,29405.286343612337,1.0,29.40528634361234
200,29405.286343612337,1.0,29.40528634361234
2000,306213.0177514793,,306.2130177514793
2001,105124.213836478,,105.12421383647799
2005,44946.74726540011,,44.94674726540011
2007,102036.83035714286,,102.03683035714286
2008,122195.3046953047,,122.1953046953047
2009,17039.92210321324,,17.03992210321324
2011,73615.38461538461,,73.61538461538461
2014,40728.59572859573,,40.72859572859573
2016,153151.0989010989,,153.15109890109892
2017,185712.0253164557,,185.71202531645568
2018,168620.73112073113,,168.62073112073114
2019,20398.039215686276,,20.398039215686275
202,44601.482854494905,0.5,44.601482854494904
202,44601.482854494905,0.5,44.601482854494904
2020,218421.61016949153,,218.42161016949152
2021,267911.1111111111,,267.9111111111111
2022,387168.01690736174,,387.16801690736173
2023,31004.40176070428,,31.00440176070428
2024,109346.7336683417,,109.3467336683417
2025,153192.9046563193,,153.19290465631929
2026,79321.78217821782,,79.32178217821782
2027,62960.63651591289,,62.96063651591289
2028,14127.58620689655,,14.12758620689655
203,41368.14024390244,0.5,41.36814024390244
203,41368.14024390244,0.5,41.36814024390244
204,33368.98395721925,1.5,33.36898395721925
204,33368.98395721925,1.5,33.36898395721925
206,84791.15479115478,1.0,84.79115479115478
206,84791.15479115478,1.0,84.79115479115478
207,48564.96710526315,0.5,48.56496710526315
207,48564.96710526315,0.5,48.56496710526315
211,178375.70621468927,1.5,178.37570621468927
211,178375.70621468927,1.5,178.37570621468927
212,201356.0645497137,2.5,201.3560645497137
212,201356.0645497137,2.5,201.3560645497137
214,175642.59485924113,1.5,175.64259485924114
214,175642.59485924113,1.5,175.64259485924114
217,38961.382746807845,0.5,38.96138274680784
217,38961.382746807845,0.5,38.96138274680784
218,123685.90831918508,1.0,123.68590831918507
218,123685.90831918508,1.0,123.68590831918507
219,117369.29922135704,1.0,117.36929922135704
219,117369.29922135704,1.0,117.36929922135704
224,200080.4093567251,0.5,200.0804093567251
224,200080.4093567251,0.5,200.0804093567251
225,57462.686567164186,0.5,57.462686567164184
225,57462.686567164186,0.5,57.462686567164184
228,52628.083491461104,1.0,52.628083491461105
228,52628.083491461104,1.0,52.628083491461105
230,169156.78524374176,2.0,169.15678524374175
230,169156.78524374176,2.0,169.15678524374175
231,49894.53125,1.0,49.89453125
231,49894.53125,1.0,49.89453125
239,34758.33333333333,1.0,34.758333333333326
239,34758.33333333333,1.0,34.758333333333326
240,88269.23076923078,1.0,88.26923076923077
240,88269.23076923078,1.0,88.26923076923077
241,161250.0,1.0,161.25
241,161250.0,1.0,161.25
242,110851.85185185184,2.0,110.85185185185183
242,110851.85185185184,2.0,110.85185185185183
243,140943.18181818182,1.0,140.9431818181818
243,140943.18181818182,1.0,140.9431818181818
244,45540.740740740745,1.0,45.540740740740745
244,45540.740740740745,1.0,45.540740740740745
245,35934.9593495935,0.5,35.9349593495935
245,35934.9593495935,0.5,35.9349593495935
246,176377.24550898204,3.0,176.37724550898204
246,176377.24550898204,3.0,176.37724550898204
247,17027.573529411762,0.5,17.02757352941176
247,17027.573529411762,0.5,17.02757352941176
249,137871.14845938375,1.0,137.87114845938376
249,137871.14845938375,1.0,137.87114845938376
250,154676.27494456762,1.0,154.6762749445676
250,154676.27494456762,1.0,154.6762749445676
251,241419.97466216216,2.0,241.41997466216216
252,59975.07552870091,0.5,59.975075528700906
253,51492.329149232915,0.5,51.492329149232916
254,139364.08106219428,1.0,139.3640810621943
255,82037.87878787878,1.0,82.03787878787878
256,81520.2305967759,1.0,81.5202305967759
257,69003.84615384616,0.5,69.00384615384615
258,67157.7315019938,0.5,67.1577315019938
259,51404.61997019374,0.5,51.404619970193735
260,126014.59510357816,1.5,126.01459510357816
262,48283.68794326241,1.0,48.283687943262414
263,74626.59789190402,1.5,74.62659789190403
264,27368.42105263158,0.5,27.36842105263158
265,96084.77412158392,0.5,96.08477412158392
268,40311.43506247633,0.5,40.311435062476335
269,173346.394984326,1.0,173.346394984326
270,90393.444373265,1.0,90.393444373265
271,39423.07692307692,0.5,39.42307692307692
276,101219.89202657808,1.0,101.21989202657808
277,120002.39693192714,1.0,120.00239693192714
278,149544.53441295546,2.0,149.54453441295547
279,149357.98455912233,1.0,149.35798455912231
280,86704.05352223534,1.0,86.70405352223534
283,167961.1111111111,1.0,167.9611111111111
284,224556.2130177515,1.0,224.5562130177515
285,89082.00602668963,0.5,89.08200602668963
286,26960.784313725493,0.5,26.960784313725494
287,33622.64150943396,0.5,33.62264150943396
288,35510.39697542533,0.5,35.51039697542533
289,67506.39931740615,0.5,67.50639931740615
290,39308.24750628497,0.5,39.30824750628497
291,165123.14268267862,1.0,165.12314268267863
292,47325.73891625616,0.5,47.32573891625616
294,48428.571428571435,0.5,48.42857142857144
295,123833.86581469647,1.0,123.83386581469648
296,54096.506941334526,0.5,54.096506941334525
297,54118.47178408693,0.5,54.11847178408693
298,79583.33333333333,1.0,79.58333333333333
300,132008.41009211054,1.0,132.00841009211055
308,156615.0348159727,2.0,156.6150348159727
309,199047.61904761905,0.5,199.04761904761907
310,56481.48148148148,0.5,56.48148148148148
311,49350.83977605972,0.5,49.35083977605972
312,29108.70268521514,0.25,29.10870268521514
313,26638.867033831622,0.5,26.638867033831623
315,10447.055057618438,0.5,10.447055057618439
316,104413.35740072202,1.5,104.41335740072202
317,56308.43715307759,1.0,56.30843715307759
318,97031.36086277849,1.0,97.03136086277848
319,33755.55745554036,0.25,33.755557455540355
320,73866.35944700461,1.0,73.86635944700461
321,51613.17567567568,1.5,51.61317567567568
322,123754.45544554456,1.5,123.75445544554456
323,149453.57142857142,1.5,149.45357142857142
324,54064.332844574776,0.25,54.06433284457478
325,66407.79883381924,0.5,66.40779883381924
326,242067.00816835108,2.0,242.06700816835107
327,60797.15035620548,0.5,60.79715035620548
328,32921.52292152292,0.5,32.92152292152292
329,36325.86367880486,0.5,36.32586367880486
330,57402.9933481153,0.5,57.402993348115295
331,159444.70188446093,1.0,159.44470188446093
332,57233.38048090523,0.5,57.23338048090523
333,30362.549197699063,0.5,30.362549197699064
334,78926.76767676767,0.5,78.92676767676768
335,33512.6404494382,0.5,33.5126404494382
336,45447.11538461538,0.5,45.44711538461538
337,58054.91990846682,0.5,58.05491990846682
344,143089.43089430896,2.0,143.08943089430895
345,90975.3231492362,1.0,90.97532314923619
348,37319.7222795078,0.5,37.3197222795078
349,159361.39332365748,3.0,159.3613933236575
350,103396.0396039604,1.5,103.39603960396039
39,69750.0,0.5,69.75
40,88666.66666666667,0.5,88.66666666666667
404,173333.33333333334,2.0,173.33333333333334
405,196981.27530364372,1.5,196.9812753036437
409,23311.546840958606,0.25,23.311546840958606
41,81103.44827586206,1.0,81.10344827586206
410,76481.48148148149,1.0,76.4814814814815
411,37099.77827050998,0.5,37.09977827050998
412,203798.62700228835,1.0,203.79862700228836
413,95951.08695652174,0.5,95.95108695652175
414,409826.77627715794,2.5,409.82677627715793
415,268381.5586419753,2.5,268.3815586419753
416,205521.22347066167,1.5,205.52122347066168
42,34787.43654822335,1.0,34.78743654822335
422,262584.61538461543,2.0,262.58461538461546
423,11176.470588235296,0.25,11.176470588235295
428,79780.82191780822,0.5,79.78082191780823
429,15389.346398415511,0.5,15.389346398415512
43,244684.25605536337,2.0,244.68425605536336
437,60628.14070351758,1.0,60.62814070351758
439,67750.45871559634,1.0,67.75045871559634
44,25540.691192865102,1.5,25.540691192865104
440,70120.35583464155,0.5,70.12035583464156
441,63752.86041189931,0.5,63.75286041189931
442,57684.47136563877,0.5,57.68447136563877
443,48575.81338244322,0.5,48.57581338244322
444,48107.34463276836,0.5,48.10734463276836
446,67030.84355258268,0.5,67.03084355258268
447,85604.8906048906,0.5,85.60489060489061
448,137117.64705882355,2.0,137.11764705882356
45,75058.52842809365,1.0,75.05852842809365
451,114102.5641025641,0.5,114.10256410256409
452,268584.31644691183,2.0,268.5843164469118
453,83619.79166666666,1.0,83.61979166666666
454,56666.666666666664,0.5,56.666666666666664
455,37974.53703703704,0.5,37.97453703703704
456,32211.764705882357,0.5,32.21176470588236
46,28048.780487804877,1.0,28.048780487804876
461,44884.34642280796,0.5,44.88434642280796
462,51517.433987813136,0.5,51.517433987813135
463,57905.660377358494,1.0,57.905660377358494
465,12766.608391608392,0.5,12.766608391608392
466,47133.30518018018,0.5,47.13330518018018
467,21347.718429430493,0.5,21.347718429430493
468,64500.0,0.5,64.5
469,71295.70158102766,0.5,71.29570158102766
47,53571.42857142857,0.5,53.57142857142857
471,46544.117647058825,0.5,46.544117647058826
472,74232.43243243244,0.5,74.23243243243245
475,45465.838509316774,0.5,45.465838509316775
477,34240.36281179138,0.5,34.240362811791385
478,191746.8844005157,1.5,191.7468844005157
48,34731.707317073175,2.0,34.73170731707317
49,33290.32258064516,1.0,33.29032258064516
497,16360.29411764706,2.0,16.360294117647058
498,11995.201919232308,0.5,11.995201919232308
50,10824.603814128392,1.0,10.824603814128391
500,42805.81550802139,1.0,42.80581550802139
51,53775.51020408163,1.0,53.77551020408163
52,110646.06741573034,0.5,110.64606741573034
53,199646.7991169978,2.0,199.6467991169978
54,98663.55140186916,0.5,98.66355140186916
55,181432.8231292517,2.0,181.4328231292517
56,105803.92156862744,2.0,105.80392156862744
57,96605.461393597,1.0,96.605461393597
58,78032.03661327231,5.0,78.03203661327231
59,50379.56204379562,2.0,50.379562043795616
60,34253.73134328359,1.5,34.25373134328359
61,68996.97580645162,1.0,68.99697580645162
63,83597.97297297297,1.0,83.59797297297297
64,159529.41176470587,2.5,159.52941176470588
66,15403.726708074537,0.5,15.403726708074537
67,65114.526823387576,0.5,65.11452682338758
68,50000.0,1.0,50.0
69,38408.0310880829,1.0,38.4080310880829
78,74117.03239289446,1.0,74.11703239289446
79,83927.87524366472,1.5,83.92787524366472
80,172052.0402128918,1.5,172.0520402128918
81,46697.53086419753,0.5,46.697530864197525
82,189732.5581395349,1.5,189.7325581395349
83,312896.8253968254,2.0,312.89682539682536
84,61055.7208994709,1.0,61.0557208994709
85,63897.3897389739,0.5,63.8973897389739
87,96309.03790087462,1.0,96.30903790087463
88,24329.513133679106,0.5,24.329513133679107
89,38984.78260869565,1.5,38.984782608695646
90,115298.37875129357,1.0,115.29837875129357
923,169166.6666666667,2.0,169.16666666666669
923,169166.6666666667,2.0,169.16666666666669
925,75752.8735632184,0.5,75.7528735632184
925,75752.8735632184,0.5,75.7528735632184
926,113832.48730964468,0.5,113.83248730964468
926,113832.48730964468,0.5,113.83248730964468
928,82750.87887503994,0.5,82.75087887503994
928,82750.87887503994,0.5,82.75087887503994
929,152502.92945863603,1.0,152.50292945863603
929,152502.92945863603,1.0,152.50292945863603
930,90617.53614079196,3.0,90.61753614079196
930,90617.53614079196,3.0,90.61753614079196
931,92052.28207020134,2.5,92.05228207020134
931,92052.28207020134,2.5,92.05228207020134
932,44234.50658605053,0.5,44.23450658605053
932,44234.50658605053,0.5,44.23450658605053
933,87011.27089001166,0.5,87.01127089001166
933,87011.27089001166,0.5,87.01127089001166
934,81142.85714285714,0.5,81.14285714285714
934,81142.85714285714,0.5,81.14285714285714
935,95590.64807219032,0.5,95.59064807219032
935,95590.64807219032,0.5,95.59064807219032
936,179408.7837837838,1.0,179.40878378378378
936,179408.7837837838,1.0,179.40878378378378
938,204720.2380952381,4.0,204.7202380952381
938,204720.2380952381,4.0,204.7202380952381
939,213579.8449612403,1.5,213.5798449612403
939,213579.8449612403,1.5,213.5798449612403
940,28644.9864498645,1.0,28.6449864498645
940,28644.9864498645,1.0,28.6449864498645
941,36627.28249194415,2.5,36.62728249194415
941,36627.28249194415,2.5,36.62728249194415
942,93705.67375886525,0.5,93.70567375886525
942,93705.67375886525,0.5,93.70567375886525
943,99669.71148490589,1.0,99.66971148490589
943,99669.71148490589,1.0,99.66971148490589
944,312222.2222222222,0.5,312.2222222222222
944,312222.2222222222,0.5,312.2222222222222
945,20812.142403051497,0.25,20.812142403051496
945,20812.142403051497,0.25,20.812142403051496
946,89628.32840236687,1.5,89.62832840236686
946,89628.32840236687,1.5,89.62832840236686
951,73055.93966059081,0.5,73.05593966059081
951,73055.93966059081,0.5,73.05593966059081
952,68129.35323383084,0.5,68.12935323383084
952,68129.35323383084,0.5,68.12935323383084
953,84901.27758420442,0.5,84.90127758420442
953,84901.27758420442,0.5,84.90127758420442
956,105998.42146803474,0.5,105.99842146803473
956,105998.42146803474,0.5,105.99842146803473
966,181670.93117408908,2.5,181.67093117408908
967,54942.20677918026,0.5,54.94220677918026
968,74258.6430423509,1.0,74.2586430423509
969,39884.64124190197,0.5,39.88464124190197
972,58382.83828382838,0.25,58.38283828382838
973,35488.25493527034,0.25,35.48825493527034
978,74389.9018232819,0.5,74.3899018232819
979,93997.59903961584,1.0,93.99759903961585
980,52400.43668122271,0.5,52.40043668122271
981,60565.11350059737,0.25,60.56511350059737
982,129523.7391646966,2.0,129.5237391646966
983,77667.09677419355,1.0,77.66709677419354
984,,0.5,
985,52862.22020568663,1.0,52.86222020568663
986,39960.29776674938,1.0,39.960297766749385
987,28724.734886250342,0.5,28.724734886250342
994,84793.43957914281,1.5,84.79343957914281
995,53193.26202430328,0.5,53.19326202430328
997,46600.98522167488,0.5,46.600985221674875
998,55320.61473237944,0.5,55.32061473237944
999,93098.63013698628,0.5,93.09863013698627
1021,141314.30467972122,1.5,141.3143046797212
1023,11796.06103381058,0.25,11.79606103381058
1031,31082.72506082725,,31.08272506082725
1032,56714.51355661882,0.25,56.71451355661882
1034,6171.581238867999,0.5,6.171581238867999
1042,32777.777777777774,0.25,32.77777777777777
1056,29086.538461538465,0.25,29.086538461538463
1140,91821.78741406662,0.5,91.82178741406662
1144,22120.786516853936,0.5,22.120786516853936
115,203285.2564102564,2.0,203.2852564102564
1153,13608.128834355828,0.25,13.608128834355828
1156,10406.26949469744,0.25,10.40626949469744
1182,12427.734375,0.25,12.427734375
1184,23994.02390438247,0.25,23.99402390438247
1192,24746.287128712873,0.25,24.746287128712872
1208,22013.463892288863,0.5,22.01346389228886
1225,29166.666666666664,0.5,29.166666666666664
1227,40070.043103448275,0.5,40.07004310344828
1231,5703.961335200325,0.25,5.703961335200325
1232,59211.30952380953,0.5,59.211309523809526
1242,86465.72104018912,2.0,86.46572104018912
1254,154897.8260869565,7.0,154.8978260869565
1256,23507.756294964027,0.25,23.507756294964025
1268,116533.01886792452,1.0,116.53301886792453
1281,6950.731561660197,0.5,6.950731561660198
1283,470673.07692307694,12.0,470.67307692307696
129,105904.9773755656,0.5,105.90497737556561
1292,37256.097560975606,0.5,37.256097560975604
1308,79801.41218005295,0.5,79.80141218005295
1321,18202.979515828676,0.25,18.202979515828677
1331,18064.516129032258,0.25,18.064516129032256
1332,19166.666666666664,0.25,19.166666666666664
1334,11915.713028169012,0.25,11.915713028169012
1341,,0.25,
1346,19621.63852407755,0.5,19.62163852407755
1357,30772.23557692308,0.5,30.77223557692308
138,29630.13698630137,1.0,29.630136986301373
1424,16806.72268907563,0.25,16.806722689075627
1519,33490.026287304776,0.5,33.49002628730478
1533,55200.0,1.0,55.2
1568,47237.50743604997,1.5,47.237507436049974
1578,99471.72090379422,1.0,99.47172090379422
1584,91480.89591567851,1.0,91.48089591567852
1590,121177.68595041322,0.5,121.17768595041322
1623,44523.299826259616,0.5,44.52329982625962
1627,65338.18938605619,1.0,65.33818938605619
1634,164108.64978902953,1.5,164.10864978902953
1636,24217.484008528783,0.25,24.217484008528782
164,122863.48501664816,1.5,122.86348501664817
164,122863.48501664816,1.5,122.86348501664817
1641,63424.62635611866,1.0,63.42462635611866
1651,61023.567467652494,1.0,61.02356746765249
1679,32364.087930670048,1.0,32.364087930670046
1681,43706.71124910437,0.5,43.70671124910437
1682,70660.9947643979,2.0,70.6609947643979
172,45502.4102393617,0.25,45.5024102393617
172,45502.4102393617,0.25,45.5024102393617
1939,179837.74038461538,,179.8377403846154
1963,35364.26509098234,,35.36426509098234
1965,66270.96924510718,,66.27096924510718
1966,81116.8019585105,,81.11680195851051
2003,216709.4017094017,,216.70940170940167
2004,32847.54672897197,,32.84754672897197
201,37195.12195121952,0.5,37.19512195121952
201,37195.12195121952,0.5,37.19512195121952
2015,104738.8698630137,,104.73886986301369
2029,26208.04525455688,,26.20804525455688
213,56733.42985842986,2.0,56.73342985842986
213,56733.42985842986,2.0,56.73342985842986
215,77106.40021604105,0.5,77.10640021604105
215,77106.40021604105,0.5,77.10640021604105
216,52115.517241379304,0.5,52.1155172413793
216,52115.517241379304,0.5,52.1155172413793
229,93308.47723704866,1.5,93.30847723704866
229,93308.47723704866,1.5,93.30847723704866
238,46893.401015228425,1.0,46.89340101522843
238,46893.401015228425,1.0,46.89340101522843
248,37548.11183732752,1.0,37.54811183732752
248,37548.11183732752,1.0,37.54811183732752
266,106813.53767560664,1.5,106.81353767560664
314,24427.924650335513,1.5,24.427924650335513
338,161339.0804597701,1.5,161.33908045977012
339,21999.541914796155,1.0,21.999541914796154
38,51817.388775806925,1.0,51.817388775806926
407,242245.5089820359,1.5,242.24550898203591
417,73660.71428571429,0.5,73.66071428571429
438,56010.8644307983,1.0,56.0108644307983
460,38705.61282932417,0.5,38.705612829324174
474,49557.89473684211,0.5,49.55789473684211
476,114893.37822671156,0.5,114.89337822671156
65,249313.1132917038,6.5,249.31311329170381
71,16167.664670658683,0.5,16.167664670658684
937,163697.1153846154,0.5,163.69711538461542
937,163697.1153846154,0.5,163.69711538461542
957,25156.57423127712,1.5,25.156574231277123
957,25156.57423127712,1.5,25.156574231277123
990,111885.76945929888,1.0,111.88576945929888
991,50276.54867256637,1.0,50.27654867256637
992,88625.18202621177,1.5,88.62518202621177
993,164764.22155688624,1.0,164.76422155688624
996,25984.272300469485,0.5,25.984272300469485
1078,33409.363745498194,0.25,33.4093637454982
1087,56064.621798689695,0.5,56.06462179868969
113,12985.074626865671,0.5,12.985074626865671
1137,39214.65968586387,0.5,39.21465968586387
1143,2506.036217303823,0.5,2.506036217303823
1147,12842.424242424242,0.5,12.842424242424242
1154,4233.9008142116945,0.25,4.233900814211695
117,127057.61316872427,3.0,127.05761316872427
1183,2451.9323392286055,0.25,2.4519323392286054
1190,60213.37579617835,0.5,60.21337579617835
1194,6104.046242774567,0.5,6.104046242774567
1219,15791.708519769883,0.5,15.791708519769884
1234,145063.77551020408,1.0,145.0637755102041
1257,610470000.0,1.55,610470.0
1278,8867.408192090395,,8.867408192090396
1297,33357.46460746461,0.5,33.35746460746461
1347,47882.946281961056,0.5,47.882946281961054
1408,70161.29032258065,1.0,70.16129032258065
1409,45673.14884068811,,45.673148840688114
1433,29917.538213998392,0.5,29.91753821399839
159,26732.057416267944,0.5,26.732057416267946
159,26732.057416267944,0.5,26.732057416267946
1592,864960000.0,0.25,864960.0
1595,71260.22280893811,0.5,71.26022280893811
1597,154988.39198435974,2.0,154.98839198435974
1608,40665.37717601547,0.25,40.66537717601547
162,76666.33702531646,0.5,76.66633702531647
162,76666.33702531646,0.5,76.66633702531647
1656,44047.82644765223,0.25,44.047826447652234
1686,93629.72972972972,0.5,93.62972972972972
189,100971.95907540736,1.0,100.97195907540736
189,100971.95907540736,1.0,100.97195907540736
1929,94407.85225364844,,94.40785225364844
1971,66757.05467372134,,66.75705467372134
1976,106538.76898481217,,106.53876898481217
1988,103001.99723459824,,103.00199723459824
2002,137868.42105263157,,137.86842105263156
2006,74758.4794207317,,74.7584794207317
2012,32599.624060150378,,32.599624060150376
2013,201404.02969247085,,201.40402969247086
205,62717.00356718193,15.0,62.717003567181926
205,62717.00356718193,15.0,62.717003567181926
267,126543.48430119478,2.0,126.54348430119478
272,109130.61797752808,0.5,109.13061797752808
299,44152.24719101123,0.5,44.15224719101123
449,91276.59574468085,1.0,91.27659574468085
499,49212.12121212121,1.5,49.21212121212121
62,57929.82456140351,1.5,57.929824561403514
924,31619.04761904762,0.5,31.619047619047617
924,31619.04761904762,0.5,31.619047619047617
950,108474.14234511009,0.5,108.47414234511008
950,108474.14234511009,0.5,108.47414234511008
955,16070.895522388058,0.25,16.07089552238806
955,16070.895522388058,0.25,16.07089552238806
