pothole_id,pothole_x,pothole_y,pothole_width,pothole_height,l1_x,l1_y,l1_width,l1_height,l2_x,l2_y,l2_width,l2_height,num_bags
101,0.486675,0.537695,0.913915,0.908194,,,,,,,,,0.5
102,0.567634,0.468268,0.355968,0.874786,,,,,,,,,1.0
1032,0.482333,0.521441,0.502573,0.665523,,,,,0.49434,0.593482,0.046312,0.723842,0.25
1033,0.426587,0.517153,0.473413,0.629503,0.542367,0.481132,0.16295,0.914237,,,,,0.25
1034,0.438593,0.734991,0.250429,0.361921,0.46175,0.359348,0.104631,0.557461,,,,,0.5
1035,0.609262,0.562607,0.770154,0.70669,0.477187,0.516295,0.722127,0.054889,,,,,0.5
1036,0.514065,0.590051,0.576329,0.45283,0.519211,0.560034,0.857633,0.066895,,,,,0.5
1037,0.533791,0.469125,0.440823,0.797599,,,,,,,,,0.5
1038,0.478902,0.546312,0.499142,0.821612,0.529503,0.432247,0.692967,0.528302,,,,,0.5
1039,0.387993,0.480274,0.694683,0.70669,0.564665,0.471698,0.530017,0.044597,,,,,1.0
1041,0.436021,0.566895,0.368782,0.334477,0.442882,0.540309,0.554031,0.051458,,,,,0.25
1042,0.466895,0.425386,0.313894,0.456261,0.474614,0.521441,0.044597,0.70669,,,,,0.25
1043,0.525214,0.538593,0.265866,0.325901,0.488336,0.494854,0.57976,0.063465,,,,,0.25
1047,,,,,0.454888,0.457118,0.073756,0.670669,,,,,0.5
1048,0.443739,0.445969,0.469983,0.679245,0.453173,0.283019,0.09777,0.524871,,,,,0.5
1049,0.61012,0.519726,0.603774,0.64494,0.509777,0.478559,0.783877,0.202401,,,,,0.25
1051,,,,,,,,,0.570669,0.277015,0.058319,0.509434,1.55
1052,,,,,,,,,0.384563,0.607204,0.087479,0.600343,1.05
1054,,,,,0.318525,0.423671,0.497427,0.085763,0.709605,0.378216,0.336192,0.063465,3.0
1055,0.54494,0.576329,0.569468,0.692967,,,,,,,,,0.5
1056,0.53036,0.629503,0.296741,0.408233,0.541509,0.666381,0.06518,0.533448,,,,,0.25
1058,,,,,0.438593,0.310463,0.041166,0.308748,,,,,2.0
1059,0.619554,0.551458,0.413379,0.698113,0.557804,0.489708,0.138937,0.866209,,,,,0.25
106,0.578656,0.5,0.692217,0.766179,0.516745,0.492987,0.259434,0.671502,,,,,0.5
1060,0.46518,0.536878,0.74271,0.696398,0.677873,0.473413,0.523156,0.072041,,,,,1.0
1061,0.491767,0.562607,0.445969,0.847341,0.521784,0.51801,0.197256,0.957118,,,,,0.5
1062,0.566381,0.614923,0.35163,0.73928,0.507204,0.548885,0.054889,0.878216,,,,,0.5
1063,0.567238,0.468268,0.535163,0.500858,0.545798,0.511149,0.046312,0.830189,,,,,0.25
1064,0.424871,0.47084,0.267581,0.73928,0.412007,0.469983,0.132075,0.823328,,,,,0.25
1065,0.508062,0.468268,0.670669,0.857633,0.409434,0.554889,0.682676,0.87307,,,,,0.5
1069,0.571527,0.488851,0.763293,0.421955,0.767067,0.483705,0.454545,0.168096,,,,,0.5
107,0.428464,0.555746,0.368447,0.627787,0.491267,0.443396,0.240447,0.499142,,,,,0.5
1070,0.363122,0.638937,0.4494,0.564322,0.430875,0.57976,0.084048,0.71012,,,,,0.5
1071,0.52693,0.518868,0.711835,0.907376,0.493482,0.243568,0.075472,0.4494,,,,,0.5
1072,0.48319,0.548885,0.716981,0.542024,0.69331,0.549743,0.564322,0.060034,,,,,0.55
1073,0.524357,0.537736,0.751286,0.687822,0.542367,0.423671,0.039451,0.504288,,,,,1.0
1074,0.49777,0.539451,0.598628,0.526587,0.3494,0.474271,0.473413,0.046312,,,,,1.0
1075,0.474681,0.590051,0.390046,0.493997,0.531135,0.622642,0.513218,0.06175,,,,,0.5
1076,0.478045,0.505146,0.415094,0.403087,0.481475,0.534305,0.778731,0.09777,,,,,0.25
1077,0.496055,0.608062,0.307033,0.464837,0.507204,0.531732,0.57976,0.075472,,,,,0.25
1078,0.477187,0.627787,0.320755,0.493997,,,,,,,,,0.25
1079,0.478902,0.590909,0.413379,0.468268,0.519211,0.493997,0.658662,0.185249,,,,,0.25
1080,0.468611,0.548027,0.632933,0.533448,0.566381,0.478559,0.622642,0.06518,,,,,0.5
1081,,,,,0.481475,0.274443,0.06175,0.528302,,,,,0.5
1082,0.452316,0.511149,0.716981,0.435678,,,,,,,,,0.5
1083,0.505489,0.533448,0.64494,0.795883,0.589537,0.465695,0.524871,0.066895,,,,,1.0
1084,0.525214,0.617496,0.595197,0.58319,0.580103,0.566038,0.667238,0.12693,,,,,1.0
1087,0.563808,0.533448,0.607204,0.425386,0.463465,0.590051,0.502573,0.078902,,,,,0.5
1088,0.464322,0.569468,0.432247,0.487136,0.430017,0.651801,0.64494,0.089194,,,,,0.5
1089,0.440309,0.513722,0.428816,0.698113,,,,,,,,,0.5
109,0.40664,0.52916,0.554131,0.876501,0.474492,0.801887,0.051518,0.375643,,,,,0.5
1090,0.510635,0.498285,0.624357,0.753002,0.438593,0.488851,0.672384,0.099485,,,,,0.5
1091,,,,,0.531218,0.468268,0.034305,0.531732,,,,,0.5
1092,0.538937,0.61235,0.73928,0.356775,0.36741,0.603774,0.554031,0.041166,,,,,0.5
1095,0.528645,0.469125,0.042882,0.533448,,,,,,,,,0.5
1096,0.517496,0.609777,0.70669,0.35163,0.364837,0.603774,0.559177,0.044597,,,,,0.5
1097,0.655575,0.58319,0.269297,0.264151,0.638422,0.555746,0.142367,0.418525,,,,,0.25
1098,0.501201,0.425386,0.629503,0.432247,0.412864,0.456261,0.631218,0.078902,,,,,0.5
1099,0.54494,0.51458,0.758148,0.692967,0.392281,0.524014,0.600343,0.063465,,,,,0.5
110,,,,,0.467807,0.782779,0.074292,0.405726,,,,,2.0
1100,0.51916,0.502573,0.455054,0.38765,0.500342,0.520583,0.650077,0.073756,,,,,0.5
1101,0.469468,0.386792,0.360206,0.317324,0.493482,0.40223,0.545455,0.135506,,,,,0.25
1102,,,,,0.424014,0.596913,0.629503,0.048027,,,,,1.0
1103,0.532933,0.46741,0.356775,0.722127,,,,,,,,,0.5
1104,0.392281,0.468268,0.456261,0.720412,,,,,,,,,0.5
1105,0.527714,0.556604,0.369517,0.471698,0.446454,0.640652,0.508086,0.303602,,,,,0.5
1106,,,,,0.556089,0.747856,0.780446,0.102916,,,,,0.5
1107,0.466038,0.493139,0.511149,0.475129,0.472899,0.476844,0.473413,0.408233,,,,,0.5
1108,0.540652,0.533448,0.560892,0.463122,0.576672,0.540309,0.564322,0.174957,,,,,0.5
1109,0.525214,0.512007,0.303602,0.475129,0.514923,0.552316,0.070326,0.727273,,,,,3.1
111,,,,,0.455593,0.751286,0.04037,0.480274,,,,,0.5
1110,0.555232,0.423671,0.343053,0.329331,0.550086,0.445969,0.483705,0.38422,,,,,0.25
1111,0.540652,0.542024,0.320755,0.267581,0.556089,0.559177,0.046312,0.493997,,,,,0.25
1112,0.556089,0.639794,0.207547,0.401372,0.549228,0.620069,0.070326,0.512864,,,,,0.25
1113,0.490909,0.602916,0.584906,0.471698,,,,,,,,,0.25
1114,0.433448,0.465695,0.428816,0.530017,0.517496,0.56175,0.054889,0.5506,,,,,0.5
1116,,,,,0.462607,0.493997,0.140652,0.720412,,,,,0.5
1117,0.459177,0.548027,0.590051,0.893654,,,,,,,,,1.0
1118,0.454888,0.433105,0.427101,0.756432,0.554374,0.256432,0.193825,0.152659,0.295369,0.426244,0.365352,0.252144,8.0
1119,0.511492,0.505146,0.437393,0.382504,0.454031,0.512864,0.548885,0.068611,,,,,0.5
112,0.499646,0.473888,0.364387,0.635389,0.194222,0.469536,0.329009,0.055705,0.655307,0.451258,0.64033,0.099225,0.5
1120,0.439451,0.510292,0.372213,0.313894,0.387135,0.484563,0.596913,0.053173,,,,,0.25
1121,,,,,0.514923,0.480274,0.210978,0.720412,,,,,0.5
1122,,,,,0.550943,0.483705,0.046312,0.665523,,,,,0.5
1123,0.369125,0.421955,0.670669,0.665523,,,,,,,,,0.5
1125,,,,,0.576672,0.401372,0.756432,0.140652,,,,,0.5
1126,,,,,0.746484,0.494854,0.396226,0.073756,,,,,1.0
1127,,,,,0.457461,0.801887,0.116638,0.375643,0.569811,0.343053,0.173242,0.596913,3.05
1128,,,,,0.658147,0.34048,0.233276,0.166381,0.362264,0.53259,0.413379,0.276158,8.0
1129,0.396569,0.536878,0.372213,0.638079,0.425729,0.364494,0.084048,0.389365,,,,,0.5
113,0.465667,0.487993,0.424837,0.502573,0.449612,0.498285,0.489057,0.241852,,,,,0.5
1130,0.665009,0.459691,0.370497,0.408233,0.681304,0.540309,0.169811,0.456261,,,,,0.5
1131,0.468611,0.494854,0.656947,0.554031,,,,,,,,,0.5
1133,,,,,0.402573,0.423671,0.799314,0.116638,,,,,0.25
1135,,,,,0.605832,0.64837,0.262436,0.682676,,,,,0.25
1137,0.460034,0.371355,0.554031,0.622642,0.520069,0.343053,0.09434,0.651801,,,,,0.5
1138,0.380274,0.622642,0.638079,0.367067,0.508919,0.591767,0.686106,0.037736,,,,,0.5
1139,,,,,0.460892,0.519726,0.116638,0.531732,,,,,0.5
1140,0.52693,0.598628,0.701544,0.792453,0.410292,0.546312,0.619211,0.104631,,,,,0.5
1141,,,,,0.460892,0.598628,0.830189,0.325901,,,,,0.5
1142,,,,,0.470326,0.320755,0.183533,0.511149,,,,,1.0
1143,0.507204,0.58319,0.538593,0.51458,,,,,,,,,0.5
1144,,,,,0.541716,0.510292,0.600884,0.073756,,,,,0.5
1147,0.539794,0.548027,0.572899,0.660377,0.441166,0.661235,0.348199,0.564322,,,,,0.5
1148,0.547513,0.573756,0.413379,0.193825,0.61012,0.555746,0.617496,0.281304,,,,,0.25
1149,0.488336,0.513722,0.871355,0.530017,,,,,,,,,0.5
115,0.561023,0.46741,0.743719,0.821612,0.33457,0.507719,0.207383,0.048027,0.660543,0.495712,0.466016,0.072041,2.0
1153,0.520926,0.471698,0.411664,0.154374,0.44717,0.464837,0.559177,0.051458,,,,,0.25
1154,0.412864,0.468268,0.353345,0.339623,,,,,,,,,0.25
1155,,,,,0.562093,0.572899,0.740995,0.370497,,,,,0.25
1156,0.531218,0.577187,0.346484,0.475129,,,,,,,,,0.25
1157,0.403431,0.497427,0.166381,0.301887,0.358834,0.654374,0.077187,0.667238,,,,,0.25
1158,0.491767,0.558319,0.209262,0.248714,,,,,,,,,0.25
1159,0.406861,0.577187,0.375643,0.324185,0.426587,0.575472,0.675815,0.35163,,,,,0.25
116,0.453332,0.498285,0.36456,0.732419,0.379113,0.614923,0.137749,0.464837,,,,,1.0
1160,0.523499,0.554889,0.149228,0.48542,,,,,,,,,0.25
1164,0.521784,0.480274,0.35506,0.25729,0.55952,0.495712,0.790738,0.140652,,,,,0.25
1165,0.568954,0.4494,0.19211,0.164666,0.650429,0.364494,0.533448,0.389365,,,,,0.25
1166,0.474614,0.4494,0.463122,0.397942,0.372556,0.506861,0.687822,0.063465,,,,,0.25
1167,0.513208,0.572899,0.588336,0.535163,,,,,,,,,0.5
1168,0.573242,0.479417,0.310463,0.344768,0.601544,0.502573,0.665523,0.06175,,,,,0.25
1169,0.482333,0.566038,0.704974,0.315609,,,,,,,,,0.5
117,,,,,0.245519,0.607017,0.339623,0.067217,0.658255,0.584906,0.521226,0.100825,3.0
1170,0.503774,0.625214,0.58319,0.296741,0.516638,0.643225,0.790738,0.109777,,,,,0.25
1171,0.413722,0.556604,0.344768,0.842196,,,,,,,,,0.25
1172,0.47976,0.59777,0.415094,0.626072,,,,,,,,,0.25
1173,0.579245,0.516295,0.672384,0.497427,,,,,,,,,0.25
1174,0.560377,0.45283,0.727273,0.274443,,,,,,,,,0.5
1176,0.518353,0.536878,0.694683,0.744425,0.469468,0.385077,0.092624,0.643225,,,,,0.5
1177,0.516638,0.593482,0.698113,0.26072,0.641852,0.553173,0.694683,0.108062,,,,,0.5
1178,0.503774,0.625214,0.377358,0.348199,0.537221,0.582333,0.375643,0.454545,,,,,0.5
1179,0.536364,0.442539,0.466552,0.51801,0.549228,0.382504,0.643225,0.164666,,,,,0.25
118,0.530519,0.52916,0.613933,0.855918,0.439082,0.59777,0.117562,0.42024,,,,,2.0
1180,0.44717,0.483705,0.4494,0.946827,0.466895,0.427959,0.042882,0.653516,,,,,0.5
1182,0.545798,0.551458,0.300172,0.495712,0.514923,0.542882,0.09777,0.794168,,,,,0.25
1183,0.509777,0.523156,0.42024,0.483705,0.48319,0.445111,0.785592,0.667238,,,,,0.25
1184,0.565523,0.562607,0.545455,0.511149,0.588679,0.504288,0.09434,0.823328,,,,,0.25
1185,,,,,0.549228,0.349057,0.09777,0.581475,,,,,0.5
1186,0.560377,0.496569,0.765009,0.464837,,,,,,,,,0.5
1187,0.474614,0.578902,0.740995,0.389365,,,,,,,,,5.5
1189,0.563808,0.569468,0.675815,0.473413,,,,,,,,,0.5
119,,,,,0.538806,0.623499,0.149439,0.440823,,,,,1.0
1190,0.55952,0.638079,0.444254,0.596913,0.578388,0.483705,0.080617,0.521441,,,,,0.5
1192,0.448027,0.506003,0.488851,0.421955,0.375986,0.439108,0.656947,0.092624,,,,,0.25
1193,0.557804,0.546312,0.399657,0.680961,0.514065,0.385935,0.116638,0.425386,,,,,0.5
1194,0.572384,0.488851,0.226415,0.744425,0.568954,0.40566,0.068611,0.530017,,,,,0.5
1195,0.536364,0.324185,0.480274,0.281304,0.466895,0.317324,0.643225,0.096055,,,,,0.25
1196,,,,,0.412007,0.608919,0.632933,0.511149,,,,,0.5
1197,0.555232,0.440823,0.397942,0.394511,0.442024,0.4494,0.662093,0.120069,,,,,0.25
1199,,,,,0.25506,0.627787,0.500858,0.054889,,,,,0.5
120,0.471344,0.511417,0.461085,0.674453,0.465448,0.640511,0.067217,0.581365,,,,,1.0
1200,,,,,0.583533,0.314751,0.09777,0.554031,,,,,1.0
1201,0.477187,0.506003,0.608919,0.737564,0.514065,0.694683,0.054889,0.590051,,,,,0.5
1202,0.517496,0.52916,0.740995,0.622642,0.402573,0.530875,0.504288,0.283019,,,,,0.5
1203,0.52693,0.538593,0.512864,0.713551,0.509777,0.373928,0.046312,0.535163,,,,,1.0
1204,0.473756,0.536021,0.588336,0.564322,0.487479,0.475986,0.056604,0.667238,,,,,0.25
1207,0.486621,0.558319,0.795883,0.588336,0.568954,0.516295,0.106346,0.936535,,,,,0.5
1208,0.480617,0.542024,0.907376,0.432247,,,,,,,,,0.5
121,0.411203,0.534167,0.73467,0.561446,0.425943,0.512005,0.445755,0.062793,,,,,0.5
1210,0.590155,0.500858,0.569672,0.933105,,,,,,,,,0.5
1212,0.6372,0.592624,0.451632,0.475129,,,,,,,,,0.25
1213,0.538833,0.576329,0.518351,0.723842,,,,,,,,,0.25
1214,0.437045,0.545455,0.222395,0.850772,,,,,,,,,0.25
1216,0.533791,0.484563,0.701544,0.61235,0.580961,0.619211,0.751286,0.370497,,,,,0.5
1217,,,,,0.545798,0.475129,0.704974,0.84048,,,,,1.0
1218,0.539794,0.611492,0.339623,0.530017,0.539794,0.411664,0.058319,0.813036,,,,,0.25
1219,0.581818,0.509434,0.536878,0.466552,0.517496,0.506003,0.171527,0.813036,,,,,0.5
122,,,,,0.527753,0.245283,0.043065,0.373928,0.537921,0.665523,0.068187,0.504288,4.0
1221,0.514923,0.5,0.320755,0.557461,,,,,,,,,0.25
1224,0.444743,0.650943,0.251477,0.643225,0.437901,0.568611,0.159098,0.704974,,,,,0.25
1225,0.415661,0.692967,0.497822,0.391081,0.344666,0.696398,0.585069,0.096055,,,,,0.5
1226,0.53036,0.463122,0.344768,0.912521,0.527787,0.276158,0.041166,0.250429,0.542367,0.658662,0.066895,0.555746,1.05
1227,0.545798,0.476844,0.519726,0.672384,0.473756,0.353345,0.104631,0.576329,,,,,0.5
1228,0.484946,0.454545,0.944322,0.507719,0.644043,0.494854,0.307931,0.728988,,,,,0.25
1229,,,,,0.591011,0.511149,0.126594,0.806175,,,,,0.25
123,,,,,0.505217,0.2753,0.019873,0.385935,0.502112,0.713551,0.018631,0.528302,3.0
1230,,,,,0.699314,0.454545,0.493997,0.072041,,,,,1.0
1231,,,,,0.377702,0.572899,0.54717,0.421955,,,,,0.25
1232,0.528645,0.572899,0.691252,0.699828,0.61012,0.578045,0.548885,0.078902,,,,,0.5
1233,0.477187,0.5506,0.674099,0.641509,,,,,,,,,0.5
1234,0.47976,0.536878,0.631218,0.819897,0.504631,0.299314,0.060034,0.382504,,,,,1.0
1235,0.478103,0.53259,0.362674,0.286449,0.478958,0.539451,0.501243,0.262436,,,,,0.25
1236,,,,,0.591252,0.403945,0.06518,0.564322,,,,,0.5
1238,0.311664,0.469125,0.569468,0.619211,,,,,,,,,0.25
124,0.566446,0.480274,0.5135,0.874786,0.504578,0.652659,0.040832,0.564322,,,,,1.0
1240,0.520069,0.635506,0.660377,0.409949,,,,,,,,,0.25
1242,0.492624,0.596055,0.379074,0.626072,0.528645,0.253002,0.025729,0.28988,,,,,2.0
1243,,,,,0.485763,0.385935,0.080617,0.689537,,,,,0.5
1245,,,,,0.498628,0.491424,0.586621,0.084048,,,,,0.25
1246,0.627273,0.535163,0.610635,0.308748,0.48319,0.544597,0.830189,0.09777,,,,,0.25
1247,0.503774,0.510292,0.363636,0.708405,,,,,,,,,0.5
1248,0.480617,0.570326,0.687822,0.701544,0.484906,0.423671,0.085763,0.614065,,,,,1.0
125,0.518781,0.427959,0.364858,0.650086,0.495454,0.531732,0.03828,0.521441,,,,,1.0
1251,0.416295,0.530017,0.740995,0.850772,0.449743,0.395369,0.09777,0.687822,,,,,1.0
1253,0.397427,0.566038,0.415094,0.569468,0.538079,0.544597,0.102916,0.715266,,,,,0.5
1254,,,,,0.520926,0.135506,0.096055,0.229846,0.619554,0.479417,0.169811,0.499142,7.0
1256,0.547513,0.51458,0.5506,0.610635,0.458319,0.490566,0.903945,0.089194,,,,,0.25
1257,,,,,0.455746,0.247856,0.037736,0.334477,,,,,1.55
1258,,,,,0.502058,0.307033,0.058319,0.26072,,,,,2.05
1259,0.543225,0.495712,0.651801,0.778731,0.572384,0.363636,0.178388,0.610635,,,,,1.0
126,0.487264,0.480748,0.231132,0.414785,0.522641,0.480748,0.049528,0.575799,,,,,0.5
1260,0.585249,0.492281,0.526587,0.490566,0.502916,0.505146,0.193825,0.883362,,,,,0.25
1263,0.533791,0.678388,0.766724,0.512864,0.508062,0.59777,0.766724,0.197256,,,,,0.25
1264,,,,,0.532933,0.508576,0.092624,0.828473,,,,,0.5
1265,,,,,0.392281,0.319897,0.435678,0.506003,,,,,0.5
1266,0.458319,0.418525,0.876501,0.367067,,,,,,,,,0.5
1267,0.386278,0.57976,0.554031,0.631218,,,,,,,,,1.0
1268,,,,,0.408576,0.628645,0.060034,0.533448,,,,,1.0
1269,0.51235,0.562607,0.51801,0.679245,0.49434,0.35163,0.046312,0.360206,,,,,2.0
127,0.522392,0.436535,0.383855,0.643225,0.493479,0.531732,0.038139,0.507719,,,,,1.0
1271,0.520926,0.536878,0.346484,0.445969,0.534648,0.474271,0.054889,0.447684,,,,,0.5
1272,,,,,0.511523,0.262436,0.053314,0.301887,0.507223,0.681818,0.041276,0.608919,1.0
1274,,,,,0.46175,0.439108,0.070326,0.627787,,,,,0.25
1275,0.451458,0.533448,0.372213,0.301887,0.426587,0.526587,0.113208,0.576329,,,,,0.25
1276,0.435163,0.385077,0.590051,0.540309,,,,,,,,,0.25
1277,0.506363,0.544597,0.352562,0.327616,0.469387,0.464837,0.08943,0.548885,,,,,0.25
128,0.491666,0.475129,0.468199,0.806175,,,,,,,,,1.0
1281,,,,,0.649571,0.487993,0.64494,0.574614,,,,,0.5
1282,0.358834,0.721269,0.663808,0.536878,,,,,,,,,0.25
1283,0.511492,0.535163,0.965695,0.638079,0.399142,0.481132,0.236707,0.018868,0.70789,0.479417,0.425386,0.03259,12.0
1284,0.421441,0.631218,0.51458,0.720412,0.513208,0.623499,0.149228,0.74271,,,,,1.05
1285,0.44445,0.588336,0.74812,0.699828,,,,,,,,,0.5
1286,0.733379,0.548027,0.507346,0.053173,,,,,,,,,1.0
1287,,,,,0.301372,0.554889,0.590051,0.073756,,,,,0.5
1288,0.478045,0.453688,0.243568,0.272727,0.505489,0.465695,0.089194,0.578045,,,,,0.25
129,0.461321,0.397165,0.478774,0.656759,0.386439,0.5458,0.045991,0.508124,,,,,0.5
1291,0.364837,0.446827,0.651801,0.303602,0.484906,0.407376,0.545455,0.070326,,,,,0.5
1292,0.516638,0.505146,0.794168,0.286449,0.706175,0.530875,0.535163,0.087479,,,,,0.5
1293,0.53388,0.776158,0.328485,0.320755,0.528721,0.537736,0.080831,0.530017,,,,,0.5
1294,0.555378,0.602916,0.368041,0.361921,0.553658,0.546312,0.055034,0.646655,,,,,0.25
1295,0.434305,0.450257,0.320755,0.464837,0.495197,0.365352,0.77187,0.120069,,,,,0.25
1297,0.427252,0.716981,0.421355,0.476844,0.44789,0.519726,0.056754,0.826758,,,,,0.5
1298,0.459068,0.47084,0.416195,0.423671,0.449671,0.453688,0.899341,0.060034,,,,,0.25
1299,0.580315,0.475129,0.435113,0.552316,,,,,,,,,0.25
1302,0.551801,0.392796,0.32247,0.229846,0.517496,0.562607,0.140652,0.57976,,,,,0.25
1303,0.558662,0.539451,0.445969,0.48199,0.495197,0.605489,0.109777,0.785592,,,,,0.25
1304,0.357599,0.734134,0.402437,0.243568,0.438431,0.560892,0.068793,0.83705,,,,,0.25
1305,,,,,0.491767,0.53259,0.929674,0.063465,,,,,0.5
1306,0.583755,0.637221,0.658689,0.409949,,,,,,,,,0.25
1308,0.384563,0.518868,0.495712,0.962264,,,,,,,,,0.5
1309,,,,,0.458319,0.478559,0.066895,0.84048,,,,,0.25
1310,0.53818,0.457118,0.708564,0.375643,,,,,,,,,0.25
1312,,,,,0.48319,0.473413,0.174957,0.610635,,,,,0.25
1313,,,,,0.52693,0.596055,0.09777,0.790738,,,,,0.25
1314,0.53904,0.5506,0.459191,0.720412,0.53646,0.353345,0.058474,0.538593,,,,,0.5
1315,0.426587,0.585763,0.271012,0.468268,,,,,,,,,0.25
1316,0.470326,0.562607,0.86964,0.70669,0.685592,0.623499,0.593482,0.15952,,,,,0.5
1318,,,,,0.47976,0.511149,0.946827,0.219554,,,,,0.25
132,0.60342,0.518835,0.583726,0.936377,0.490212,0.759208,0.043632,0.437693,,,,,2.0
1320,0.472899,0.496569,0.250429,0.389365,0.511492,0.549743,0.104631,0.766724,,,,,0.25
1321,0.496044,0.639794,0.314726,0.202401,0.475407,0.653516,0.603655,0.072041,,,,,0.25
1323,0.449743,0.512864,0.86964,0.936535,0.668439,0.457118,0.569468,0.039451,,,,,1.0
1324,0.524421,0.601201,0.392118,0.543739,0.524421,0.609777,0.147904,0.780446,,,,,0.25
1325,0.584391,0.524014,0.373928,0.42024,0.510635,0.515437,0.658662,0.111492,,,,,0.5
1326,,,,,0.423156,0.419383,0.71012,0.180103,,,,,0.25
1328,0.549228,0.524871,0.440823,0.936535,,,,,,,,,1.0
133,0.608315,0.453688,0.436039,0.530017,0.595044,0.520583,0.083416,0.451115,,,,,1.0
1331,,,,,0.514065,0.475129,0.603774,0.106346,,,,,0.25
1332,,,,,0.57753,0.582333,0.068611,0.667238,,,,,0.25
1333,,,,,0.51578,0.433105,0.051458,0.41681,,,,,0.25
1334,0.445455,0.564322,0.445969,0.25729,0.634134,0.557461,0.459691,0.092624,,,,,0.25
1335,0.457461,0.577187,0.240137,0.732419,,,,,,,,,0.25
1336,,,,,0.634134,0.553173,0.562607,0.09434,,,,,0.25
1337,,,,,0.438593,0.669811,0.051458,0.591767,,,,,0.25
134,0.482766,0.415094,0.76527,0.713551,0.45324,0.705832,0.08436,0.464837,,,,,1.0
1341,0.424014,0.466552,0.396226,0.610635,,,,,,,,,0.25
1342,,,,,0.517496,0.566038,0.819897,0.102916,,,,,0.5
1343,0.663293,0.624357,0.332762,0.555746,0.665009,0.527444,0.082333,0.581475,,,,,0.5
1344,,,,,0.570669,0.560034,0.737564,0.077187,,,,,0.5
1345,0.532075,0.522298,0.361921,0.526587,0.556947,0.482847,0.058319,0.650086,,,,,0.5
1346,0.519211,0.562607,0.445969,0.655232,,,,,,,,,0.5
1347,,,,,0.48319,0.383362,0.096055,0.643225,,,,,0.5
1349,,,,,0.56295,0.442539,0.066895,0.535163,,,,,1.0
135,,,,,0.480189,0.753244,0.037736,0.459656,,,,,3.0
1350,0.476329,0.488851,0.377358,0.51801,,,,,,,,,0.25
1352,0.538079,0.465695,0.668954,0.523156,0.514065,0.617496,0.90566,0.113208,,,,,0.25
1354,,,,,,,,,0.28765,0.385935,0.370497,0.51801,0.55
1355,0.466895,0.542024,0.876501,0.898799,,,,,,,,,3.0
1356,0.456604,0.540309,0.663808,0.90223,,,,,,,,,0.55
1357,0.492624,0.590909,0.602058,0.320755,0.535506,0.572041,0.835334,0.111492,,,,,0.5
1358,0.509777,0.484563,0.475129,0.879931,,,,,,,,,0.5
136,,,,,0.537882,0.252144,0.075279,0.425386,0.507528,0.699828,0.067994,0.521441,3.0
138,0.545434,0.493997,0.372391,0.562607,0.614128,0.531732,0.355519,0.178388,0.273673,0.393654,0.356724,0.190395,1.0
139,0.457804,0.508576,0.424528,0.941681,0.399914,0.566895,0.038593,0.451115,,,,,1.0
140,0.591038,0.55855,0.356132,0.662998,0.514976,0.462975,0.126179,0.440851,,,,,1.0
1406,,,,,0.597256,0.170669,0.025729,0.197256,0.596398,0.458834,0.027444,0.427101,8.0
1407,0.546655,0.397942,0.312178,0.295026,0.541509,0.503431,0.219554,0.780446,,,,,0.25
1408,0.568954,0.492281,0.562607,0.936535,,,,,,,,,1.0
141,0.468033,0.445111,0.397014,0.598628,0.452565,0.551458,0.03867,0.61235,,,,,1.0
1410,0.520926,0.596055,0.727273,0.801029,0.674443,0.457976,0.567753,0.12693,,,,,0.25
1412,0.532075,0.542882,0.320755,0.492281,,,,,,,,,0.25
1413,0.563808,0.40566,0.662093,0.540309,0.551801,0.411664,0.476844,0.720412,,,,,0.25
1414,0.408576,0.557461,0.67753,0.819897,0.480617,0.358491,0.101201,0.552316,,,,,0.5
1416,0.473756,0.52916,0.825043,0.893654,,,,,,,,,0.5
1417,,,,,0.661578,0.626072,0.57976,0.668954,,,,,2.0
1418,,,,,0.53036,0.501715,0.132075,0.694683,,,,,0.25
142,0.516745,0.497398,0.419811,0.790955,,,,,,,,,3.0
1420,,,,,0.384563,0.51801,0.464837,0.531732,,,,,0.25
1424,,,,,0.488593,0.426244,0.977186,0.114923,,,,,0.25
1425,0.509777,0.444254,0.794168,0.463122,0.591252,0.45283,0.723842,0.102916,,,,,0.5
1427,,,,,0.489194,0.316467,0.046312,0.578045,,,,,1.0
1428,0.511492,0.546312,0.265866,0.61578,0.488336,0.443396,0.082333,0.701544,,,,,0.25
1429,0.474614,0.518868,0.332762,0.478559,,,,,,,,,0.25
1431,0.544082,0.587479,0.509434,0.61578,0.503774,0.543739,0.113208,0.70669,,,,,0.5
1433,0.449743,0.603774,0.35163,0.624357,0.482333,0.503431,0.063465,0.684391,,,,,0.5
1439,0.435163,0.503431,0.826758,0.924528,0.677015,0.639794,0.51458,0.072041,,,,,0.5
1440,0.541509,0.674957,0.789022,0.478559,0.706175,0.625214,0.487136,0.056604,,,,,1.0
1442,,,,,0.386278,0.34048,0.101201,0.512864,,,,,1.0
1443,,,,,0.468611,0.577187,0.128645,0.818182,,,,,0.25
1445,0.490051,0.463122,0.535163,0.850772,0.513208,0.51458,0.801029,0.19211,,,,,0.5
1449,0.569811,0.598628,0.468268,0.490566,0.551801,0.553173,0.072041,0.598628,,,,,0.5
145,0.479984,0.497427,0.411371,0.847341,,,,,,,,,1.0
146,0.457693,0.496569,0.545733,0.680961,0.509638,0.638937,0.041305,0.632933,,,,,1.0
147,0.412894,0.530017,0.637298,0.792453,0.268949,0.371355,0.383855,0.060034,0.626967,0.377358,0.376473,0.034305,1.0
148,0.551845,0.499142,0.579162,0.751286,0.40068,0.476844,0.42739,0.106346,,,,,2.0
149,0.444803,0.513722,0.425204,0.941681,0.399245,0.568611,0.0515,0.447684,,,,,2.0
150,0.468986,0.488279,0.439858,0.757338,0.553302,0.326894,0.106132,0.578822,,,,,2.0
1923,0.449394,0.496241,0.893043,0.984962,0.483628,0.191103,0.050606,0.339599,0.49107,0.657895,0.047629,0.68421,
1925,0.509183,0.595865,0.647145,0.397243,0.619922,0.550752,0.509937,0.046366,,,,,
1926,0.54709,0.587093,0.703812,0.502506,0.627091,0.550752,0.539758,0.06391,,,,,
1928,0.542502,0.386591,0.779212,0.662907,0.682198,0.410401,0.635603,0.08396,,,,,
1929,0.541805,0.553885,0.765204,0.85213,0.293622,0.498747,0.587244,0.085213,,,,,
1930,0.471191,0.498747,0.849633,0.994987,,,,,0.609291,0.632832,0.136271,0.66416,
1931,0.420653,0.50188,0.805418,0.991228,,,,,0.502133,0.691729,0.145897,0.606516,
1932,0.479744,0.533835,0.758668,0.488722,0.442455,0.530075,0.884806,0.082707,,,,,
1934,0.641467,0.621554,0.713807,0.754386,0.654412,0.413534,0.114653,0.493734,,,,,
1935,0.547542,0.510025,0.705631,0.799499,0.654722,0.442982,0.598034,0.066416,,,,,
1936,0.479337,0.548872,0.928479,0.874687,0.52847,0.431704,0.064286,0.778195,,,,,
1938,0.537336,0.475564,0.925328,0.878446,0.544796,0.218672,0.065072,0.339599,,,,,
1939,0.5,0.468672,0.746126,0.877193,0.690338,0.366541,0.437778,0.053885,,,,,
1940,0.445252,0.517544,0.594533,0.634085,0.347068,0.370301,0.322152,0.279449,,,,,
1941,0.505697,0.582707,0.860282,0.756892,0.659997,0.340852,0.22694,0.24812,0.382732,0.674185,0.39216,0.483709,
1942,0.449977,0.512531,0.844317,0.398496,0.410706,0.537594,0.515192,0.042607,,,,,
1943,0.482623,0.491855,0.699764,0.963659,0.374606,0.389724,0.481851,0.125313,,,,,
1944,0.511516,0.556391,0.650652,0.691729,0.559499,0.72995,0.038387,0.537594,0.552782,0.258772,0.038387,0.505013,
1945,0.410328,0.575815,0.69124,0.342105,0.355353,0.582707,0.476748,0.085213,,,,,
1946,0.548737,0.493108,0.848123,0.763158,0.513665,0.744987,0.081988,0.507519,,,,,
1948,0.547601,0.559524,0.904798,0.244361,0.514653,0.543233,0.683211,0.048872,,,,,
1949,0.484331,0.553258,0.629464,0.314536,0.619983,0.557018,0.605289,0.066416,,,,,
1950,0.492129,0.429198,0.476913,0.718045,0.499074,0.297619,0.048154,0.437343,,,,,
1951,0.555859,0.560777,0.697943,0.745614,0.376869,0.60213,0.673918,0.08396,,,,,
1952,0.525685,0.461779,0.705169,0.865915,0.655978,0.518797,0.610835,0.122807,,,,,
1953,0.450608,0.576441,0.77164,0.598997,0.638858,0.573308,0.602029,0.066416,,,,,
1955,0.440721,0.529449,0.387164,0.515038,0.451373,0.541353,0.095402,0.684211,,,,,
1956,0.554289,0.612155,0.737586,0.770677,0.382529,0.526942,0.592502,0.093985,,,,,
1957,0.528147,0.535088,0.79563,0.779449,0.690463,0.401629,0.455986,0.349624,,,,,
1959,0.639314,0.475564,0.721372,0.547619,0.659671,0.570175,0.615133,0.070175,,,,,
1960,0.519793,0.363409,0.803018,0.421053,0.599906,0.274436,0.557965,0.092732,,,,,
1961,0.592206,0.474311,0.622622,0.550125,0.443398,0.446742,0.609841,0.071429,,,,,
1962,0.518984,0.536967,0.867703,0.47995,0.283306,0.530075,0.524141,0.070175,,,,,
1963,0.490245,0.58208,0.835396,0.56015,0.33771,0.536967,0.613688,0.181704,,,,,
1965,0.429607,0.404762,0.735426,0.749373,0.362918,0.496867,0.537213,0.129073,,,,,
1966,0.501623,0.517612,0.961039,0.888164,0.482549,0.222606,0.080357,0.391245,,,,,
1968,0.513905,0.553258,0.628105,0.612782,0.553701,0.449248,0.057536,0.502506,,,,,
1969,0.488204,0.496241,0.774748,0.704261,0.647683,0.465539,0.653959,0.06391,,,,,
1970,0.601332,0.550752,0.716213,0.850877,0.390797,0.458647,0.084608,0.593985,,,,,
1971,0.56146,0.486216,0.687231,0.586466,0.568444,0.536967,0.237458,0.484962,,,,,
1972,0.393896,0.519424,0.370885,0.600251,0.400588,0.441103,0.13956,0.448622,,,,,
1973,0.518925,0.573935,0.306583,0.619048,0.571914,0.549499,0.087054,0.469925,,,,,
1974,0.51092,0.533208,0.41115,0.933584,0.536557,0.22807,0.069316,0.388471,,,,,
1975,0.507791,0.503759,0.522024,0.992481,,,,,0.509252,0.384712,0.045775,0.526316,
1976,0.515286,0.592105,0.764304,0.743108,,,,,0.423092,0.426692,0.128976,0.412281,
1977,0.459661,0.589599,0.638774,0.610276,0.375662,0.52005,0.673892,0.080201,,,,,
1978,0.490666,0.489737,0.575487,0.47208,0.467532,0.444289,0.540584,0.046915,,,,,
1979,0.516695,0.455514,0.769971,0.750627,0.463576,0.691103,0.087014,0.447368,,,,,
1980,0.428879,0.455514,0.506074,0.750627,0.556607,0.630326,0.064832,0.616541,,,,,
1981,0.460052,0.385965,0.499597,0.64411,0.557757,0.519424,0.08086,0.517544,,,,,
1982,0.453965,0.417293,0.487199,0.809524,,,,,0.515345,0.634712,0.084397,0.640351,
1983,0.429143,0.521303,0.685586,0.761905,0.415259,0.242481,0.102455,0.339599,,,,,
1984,0.429219,0.56015,0.62055,0.593985,0.356983,0.54198,0.712662,0.091479,,,,,
1985,0.514752,0.520677,0.817574,0.703008,0.375794,0.567043,0.667194,0.156642,,,,,
1986,0.483362,0.399749,0.674066,0.709273,0.683015,0.425439,0.554274,0.151629,,,,,
1987,0.51899,0.466165,0.326992,0.706767,0.537053,0.378446,0.070401,0.746867,,,,,
1988,0.495277,0.537594,0.723617,0.706767,0.320985,0.525689,0.605533,0.081454,,,,,
1989,0.47303,0.50188,0.553604,0.885965,0.481073,0.691729,0.062458,0.616541,,,,,
1990,0.490962,0.639724,0.729733,0.545113,0.659837,0.654762,0.473803,0.046366,,,,,
1991,0.538581,0.583333,0.389534,0.394737,0.587854,0.559524,0.502954,0.071429,,,,,
1992,0.386701,0.545739,0.485843,0.815789,0.421747,0.25188,0.068172,0.488722,,,,,
1993,0.522451,0.508772,0.811118,0.796992,0.577386,0.449875,0.042037,0.52381,,,,,
1994,0.533825,0.531955,0.540245,0.853383,0.487613,0.369048,0.102904,0.610276,,,,,
1995,0.428552,0.388471,0.559282,0.741855,0.532175,0.323308,0.620793,0.080201,,,,,
1997,0.515016,0.524777,0.560877,0.722991,0.501623,0.472681,0.079545,0.872925,,,,,
1998,0.573458,0.558331,0.604708,0.869318,0.60349,0.558331,0.713474,0.101609,,,,,
1999,0.611849,0.64411,0.746253,0.711779,0.634218,0.501253,0.646037,0.092732,,,,,
2000,0.489662,0.536341,0.977444,0.726817,0.429041,0.426065,0.265977,0.045113,0.717105,0.435464,0.379699,0.038847,
2001,0.53289,0.375313,0.93422,0.635338,0.632731,0.349624,0.709163,0.057644,,,,,
2002,0.510363,0.482456,0.915693,0.87218,0.312528,0.2901,0.235518,0.244361,0.514131,0.473058,0.212908,0.221805,
2003,0.529203,0.499373,0.722289,0.97619,0.677165,0.255639,0.549018,0.077694,,,,,
2004,0.474302,0.376566,0.363652,0.384712,0.451998,0.358396,0.078549,0.62406,,,,,
2005,0.605904,0.629699,0.299317,0.384712,0.556184,0.531328,0.056681,0.561404,,,,,
2006,0.505682,0.489364,0.467532,0.863636,0.5,0.367406,0.058442,0.718988,,,,,
2007,0.45713,0.484962,0.488062,0.741855,0.460427,0.610902,0.067603,0.778195,,,,,
2008,0.502322,0.485589,0.684539,0.753133,0.360213,0.468672,0.647387,0.077694,,,,,
2009,0.509663,0.321429,0.289881,0.417293,0.546381,0.318922,0.703445,0.106516,,,,,
2011,0.560599,0.447368,0.641174,0.814536,0.474588,0.362155,0.729139,0.075188,,,,,
2012,0.467951,0.437343,0.529051,0.596491,0.493303,0.405388,0.091843,0.790727,,,,,
2013,0.502385,0.429825,0.993259,0.859649,,,,,0.550569,0.636591,0.059157,0.726817,
2014,0.431885,0.505013,0.497236,0.804511,0.48212,0.466165,0.112389,0.922306,,,,,
2015,0.439219,0.565163,0.866374,0.869674,0.46768,0.239975,0.085866,0.382206,,,,,
2016,0.600392,0.463659,0.787694,0.927318,0.551644,0.280075,0.051161,0.362155,,,,,
2017,0.571084,0.492481,0.825702,0.862155,0.548488,0.228697,0.034836,0.284461,0.535777,0.643484,0.075321,0.605263,
2018,0.441783,0.568922,0.786171,0.847118,0.428311,0.244361,0.077944,0.380952,,,,,
2019,0.464692,0.582321,0.918019,0.682447,0.534903,0.565354,0.469156,0.467532,,,,,
2020,0.47184,0.522556,0.924319,0.83208,0.274718,0.427318,0.482037,0.037594,,,,,
2021,0.524921,0.495614,0.945102,0.863409,0.292642,0.460526,0.506876,0.061404,,,,,
2022,0.507186,0.501253,0.961022,0.997494,,,,,0.429097,0.288221,0.128392,0.526316,
2023,0.503289,0.70614,0.307331,0.552632,0.526786,0.734962,0.553571,0.201754,,,,,
2024,0.510429,0.542607,0.26935,0.358396,0.494105,0.580827,0.053507,0.605263,,,,,
2025,0.525442,0.516291,0.411874,0.947368,0.583047,0.270677,0.058565,0.20802,0.546564,0.595865,0.108489,0.5,
2026,0.474906,0.560777,0.65056,0.595238,0.449338,0.333333,0.165718,0.601504,,,,,
2027,0.447636,0.541353,0.429936,0.867168,0.469684,0.662281,0.121264,0.622807,,,,,
2028,0.419854,0.615915,0.480878,0.550125,0.488024,0.546366,0.182402,0.701754,,,,,
2029,0.527239,0.339599,0.623269,0.621554,0.51108,0.423559,0.186519,0.576441,,,,,
404,0.498999,0.593482,0.725975,0.562607,0.731811,0.506861,0.252839,0.03259,0.400742,0.508576,0.451857,0.02916,2.0
405,,,,,0.323887,0.335334,0.388261,0.03259,,,,,1.5
407,0.452487,0.495712,0.630537,0.634648,0.649928,0.566895,0.268774,0.039451,,,,,1.5
408,0.500236,0.548218,0.259434,0.308251,0.461321,0.507749,0.320755,0.037886,,,,,0.25
409,0.511427,0.374786,0.235997,0.279588,0.561732,0.366209,0.455847,0.070326,,,,,0.25
410,0.425354,0.563455,0.814858,0.530551,0.272641,0.543184,0.370283,0.056404,0.698939,0.525558,0.527123,0.070505,1.0
411,,,,,0.467333,0.421098,0.500562,0.087479,,,,,0.5
412,,,,,0.659795,0.482847,0.459475,0.053173,,,,,1.0
413,0.514897,0.509434,0.781463,0.620926,0.726922,0.451115,0.546155,0.072041,,,,,0.5
414,0.525257,0.422813,0.949486,0.838765,0.606438,0.464837,0.32481,0.048027,0.292247,0.46741,0.34105,0.036021,2.5
415,0.586128,0.500858,0.827744,0.994854,0.601959,0.73928,0.027969,0.469983,,,,,2.5
416,0.485883,0.493139,0.733321,0.773585,0.262889,0.479417,0.262346,0.063465,0.647664,0.493139,0.564669,0.046312,1.5
417,0.584137,0.530017,0.556287,0.545455,0.435289,0.580617,0.422576,0.060034,,,,,0.5
418,0.47234,0.376501,0.527832,0.667238,0.46092,0.474271,0.45424,0.135506,,,,,0.5
419,0.462456,0.536021,0.339562,0.852487,0.434266,0.357633,0.032034,0.492281,,,,,0.5
420,0.526241,0.465695,0.947518,0.650086,0.686617,0.441681,0.357186,0.125214,0.363079,0.490566,0.346833,0.072041,2.5
421,0.527627,0.512864,0.363386,0.552316,0.530116,0.424528,0.074668,0.554031,,,,,0.5
422,0.452846,0.538593,0.838012,0.699828,,,,,0.524602,0.510292,0.097384,0.591767,2.0
423,,,,,0.543805,0.476844,0.032356,0.562607,0.515805,0.493997,0.170493,0.26072,0.25
424,0.583996,0.454545,0.268991,0.305317,0.632212,0.469125,0.365422,0.080617,,,,,0.25
425,0.538057,0.504288,0.336999,0.576329,0.564965,0.425386,0.03716,0.555746,,,,,0.5
426,0.556276,0.507719,0.210248,0.267581,0.53865,0.483705,0.386504,0.116638,,,,,0.5
427,,,,,0.501502,0.367067,0.455612,0.068611,,,,,1.0
428,0.471815,0.518868,0.40065,0.687822,0.389663,0.5506,0.362734,0.054889,0.729015,0.521441,0.351359,0.051458,0.5
429,0.553861,0.526587,0.421186,0.353345,0.472814,0.512864,0.460751,0.161235,,,,,0.5
430,0.512942,0.464837,0.294368,0.425386,0.486931,0.392796,0.041871,0.469983,,,,,0.5
431,0.47772,0.518868,0.56576,0.437393,0.316253,0.557461,0.408048,0.12693,0.679241,0.463122,0.378008,0.144082,1.0
432,0.532857,0.435678,0.677215,0.864494,0.409328,0.45283,0.52296,0.089194,,,,,1.0
433,0.480317,0.495712,0.464408,0.662093,0.495755,0.342196,0.075901,0.632933,,,,,0.5
435,0.593054,0.468268,0.58692,0.349914,0.682096,0.480274,0.295968,0.051458,,,,,0.5
437,0.485952,0.497427,0.971904,0.607204,0.801411,0.510292,0.321074,0.087479,0.365224,0.460549,0.616014,0.132075,1.0
438,,,,,0.651978,0.520583,0.337153,0.09434,,,,,1.0
439,0.548499,0.451973,0.39494,0.897084,,,,,,,,,1.0
440,0.465455,0.492281,0.397014,0.723842,0.502836,0.325901,0.067028,0.586621,,,,,0.5
441,0.461588,0.43825,0.435684,0.622642,0.453854,0.553173,0.041248,0.61578,,,,,0.5
442,0.513497,0.498285,0.420053,0.797599,,,,,,,,,0.5
443,0.527111,0.487136,0.304363,0.569468,0.536063,0.436535,0.102307,0.602058,,,,,0.5
444,0.478388,0.491424,0.23928,0.602058,0.499614,0.504288,0.052744,0.576329,,,,,0.5
445,0.56213,0.538593,0.154681,0.411664,0.586621,0.51801,0.06445,0.603774,,,,,0.5
446,0.485662,0.486278,0.437745,0.831904,,,,,,,,,0.5
447,0.456518,0.478559,0.5506,0.668954,0.512479,0.633791,0.042453,0.619211,,,,,0.5
448,0.410755,0.510292,0.672152,0.821612,0.268064,0.370497,0.386769,0.048027,0.622915,0.379074,0.383014,0.030875,2.0
449,0.558328,0.500858,0.570515,0.727273,0.399426,0.474271,0.439054,0.090909,,,,,1.0
451,0.502738,0.570326,0.54259,0.598628,0.42558,0.606346,0.415654,0.35163,,,,,0.5
452,0.392194,0.47084,0.510256,0.825043,0.456136,0.216981,0.034529,0.423671,,,,,2.0
453,0.426316,0.433105,0.638259,0.663808,0.509732,0.344768,0.059402,0.600343,,,,,1.0
454,0.509262,0.493139,0.409091,0.540309,0.550429,0.588336,0.090051,0.620926,,,,,0.5
455,0.513174,0.513722,0.402971,0.73928,0.532548,0.584048,0.064579,0.811321,,,,,0.5
456,0.488856,0.484563,0.260868,0.341338,0.497721,0.53259,0.086112,0.622642,,,,,0.5
460,0.542125,0.5,0.355272,0.571184,0.528802,0.410806,0.087549,0.626072,,,,,0.5
461,0.514494,0.503431,0.287302,0.619211,0.516436,0.353345,0.050472,0.559177,,,,,0.5
462,0.387135,0.554031,0.519455,0.878216,0.510996,0.38765,0.06193,0.692967,,,,,0.5
463,0.451152,0.492281,0.400353,0.874786,,,,,,,,,1.0
465,0.427272,0.210978,0.251194,0.373928,0.413463,0.328473,0.057867,0.584906,,,,,0.5
466,0.513938,0.516295,0.9682,0.469983,0.251354,0.525729,0.418143,0.084048,0.693142,0.458834,0.540101,0.156089,0.5
467,0.398202,0.378216,0.562502,0.725557,,,,,,,,,0.5
468,0.672528,0.475986,0.482882,0.680961,0.681173,0.433105,0.213654,0.818182,,,,,0.5
469,0.538501,0.47084,0.53801,0.502573,0.389263,0.515437,0.435173,0.060034,,,,,0.5
471,0.481891,0.454545,0.3989,0.298456,0.573701,0.445111,0.379905,0.056604,,,,,0.5
472,0.559541,0.469125,0.880918,0.629503,0.42174,0.445111,0.460951,0.09434,,,,,0.5
474,0.577652,0.524014,0.294368,0.536878,0.544028,0.61578,0.057097,0.64837,,,,,0.5
475,0.452659,0.446827,0.35506,0.626072,0.470669,0.595197,0.064322,0.545455,,,,,0.5
476,0.553447,0.4494,0.689676,0.493997,,,,,0.279955,0.442539,0.540726,0.048027,0.5
477,0.464518,0.487993,0.214422,0.324185,0.491321,0.508576,0.056158,0.605489,,,,,0.5
478,0.485549,0.5,0.939945,0.567753,0.232339,0.548885,0.456545,0.072041,0.679293,0.522298,0.50642,0.084048,1.5
497,0.614225,0.578902,0.174756,0.28988,0.606627,0.568611,0.141831,0.403087,,,,,2.0
498,0.393446,0.560034,0.211097,0.385935,0.428001,0.653516,0.157066,0.425386,,,,,0.5
499,0.409076,0.424528,0.233008,0.492281,0.404644,0.559177,0.05192,0.370497,0.377417,0.198971,0.048121,0.391081,1.5
500,0.462189,0.457976,0.266454,0.686106,0.382887,0.266724,0.092624,0.269297,0.463458,0.613208,0.142109,0.464837,1.0
